combination,deterministic,ml,fusion,n,accuracy,attack_recall,precision,f1,false_positive_rate
all_deterministic__gradient_boosting,all_deterministic,gradient_boosting,OR_BLOCK,7200,0.9167,1.0,0.9,0.9474,0.3333
all_deterministic__promptguard1_86m,all_deterministic,promptguard1_86m,OR_BLOCK,7200,0.7507,1.0,0.7505,0.8575,0.9972
all_deterministic__promptguard2_22m,all_deterministic,promptguard2_22m,OR_BLOCK,7200,1.0,1.0,1.0,1.0,0.0
all_deterministic__promptguard2_86m,all_deterministic,promptguard2_86m,OR_BLOCK,7200,1.0,1.0,1.0,1.0,0.0
all_deterministic__qwen_lora,all_deterministic,qwen_lora,OR_BLOCK,7200,1.0,1.0,1.0,1.0,0.0
all_deterministic__random_forest,all_deterministic,random_forest,OR_BLOCK,7200,0.9653,1.0,0.9558,0.9774,0.1389
basic_rules__gradient_boosting,basic_rules,gradient_boosting,OR_BLOCK,7200,0.9167,1.0,0.9,0.9474,0.3333
basic_rules__promptguard1_86m,basic_rules,promptguard1_86m,OR_BLOCK,7200,0.7507,1.0,0.7505,0.8575,0.9972
basic_rules__promptguard2_22m,basic_rules,promptguard2_22m,OR_BLOCK,7200,1.0,1.0,1.0,1.0,0.0
basic_rules__promptguard2_86m,basic_rules,promptguard2_86m,OR_BLOCK,7200,1.0,1.0,1.0,1.0,0.0
basic_rules__qwen_lora,basic_rules,qwen_lora,OR_BLOCK,7200,1.0,1.0,1.0,1.0,0.0
basic_rules__random_forest,basic_rules,random_forest,OR_BLOCK,7200,0.9653,1.0,0.9558,0.9774,0.1389
ci_norm__gradient_boosting,ci_norm,gradient_boosting,OR_BLOCK,7200,0.9167,1.0,0.9,0.9474,0.3333
ci_norm__promptguard1_86m,ci_norm,promptguard1_86m,OR_BLOCK,7200,0.7507,1.0,0.7505,0.8575,0.9972
ci_norm__promptguard2_22m,ci_norm,promptguard2_22m,OR_BLOCK,7200,1.0,1.0,1.0,1.0,0.0
ci_norm__promptguard2_86m,ci_norm,promptguard2_86m,OR_BLOCK,7200,1.0,1.0,1.0,1.0,0.0
ci_norm__qwen_lora,ci_norm,qwen_lora,OR_BLOCK,7200,1.0,1.0,1.0,1.0,0.0
ci_norm__random_forest,ci_norm,random_forest,OR_BLOCK,7200,0.9653,1.0,0.9558,0.9774,0.1389
provenance_rules__gradient_boosting,provenance_rules,gradient_boosting,OR_BLOCK,7200,0.9167,1.0,0.9,0.9474,0.3333
provenance_rules__promptguard1_86m,provenance_rules,promptguard1_86m,OR_BLOCK,7200,0.7507,1.0,0.7505,0.8575,0.9972
provenance_rules__promptguard2_22m,provenance_rules,promptguard2_22m,OR_BLOCK,7200,1.0,1.0,1.0,1.0,0.0
provenance_rules__promptguard2_86m,provenance_rules,promptguard2_86m,OR_BLOCK,7200,1.0,1.0,1.0,1.0,0.0
provenance_rules__qwen_lora,provenance_rules,qwen_lora,OR_BLOCK,7200,1.0,1.0,1.0,1.0,0.0
provenance_rules__random_forest,provenance_rules,random_forest,OR_BLOCK,7200,0.9653,1.0,0.9558,0.9774,0.1389
