ml,strategy,judge,judge_model,judge_method,budget,escalated,routed_rate,judge_calls,judge_cached,judge_invalid,wall_seconds,guardrail,view,n,tp,fn,tn,fp,accuracy,attack_recall,precision,f1,false_positive_rate,escalation_rate,judged_only_accuracy,judged_only_n
xgb,margin,none,,,0.0,0,0.0,0,0,0,0.0,xgb+oracle@0.00,full,2880,1620,600,60,600,0.5833,0.7297,0.7297,0.7297,0.9091,0.0,,0
xgb,margin,oracle,,,0.025,72,0.025,72,0,0,0.0,xgb+oracle@0.03,full,2880,1620,600,132,528,0.6083,0.7297,0.7542,0.7418,0.8,0.0,1.0,72
xgb,margin,oracle,,,0.05,144,0.05,144,0,0,0.0,xgb+oracle@0.05,full,2880,1620,600,204,456,0.6333,0.7297,0.7803,0.7542,0.6909,0.0,1.0,144
xgb,margin,oracle,,,0.1,288,0.1,288,0,0,0.0,xgb+oracle@0.10,full,2880,1620,600,348,312,0.6833,0.7297,0.8385,0.7803,0.4727,0.0,1.0,288
xgb,margin,oracle,,,0.2,576,0.2,576,0,0,0.0,xgb+oracle@0.20,full,2880,1620,600,636,24,0.7833,0.7297,0.9854,0.8385,0.0364,0.0,1.0,576
rf,margin,none,,,0.0,0,0.0,0,0,0,0.0,rf+oracle@0.00,full,2880,2220,0,410,250,0.9132,1.0,0.8988,0.9467,0.3788,0.0,,0
rf,margin,oracle,,,0.025,72,0.025,72,0,0,0.0,rf+oracle@0.03,full,2880,2220,0,482,178,0.9382,1.0,0.9258,0.9615,0.2697,0.0,1.0,72
rf,margin,oracle,,,0.05,144,0.05,144,0,0,0.0,rf+oracle@0.05,full,2880,2220,0,554,106,0.9632,1.0,0.9544,0.9767,0.1606,0.0,1.0,144
rf,margin,oracle,,,0.1,288,0.1,288,0,0,0.1,rf+oracle@0.10,full,2880,2220,0,660,0,1.0,1.0,1.0,1.0,0.0,0.0,1.0,288
rf,margin,oracle,,,0.2,576,0.2,576,0,0,0.0,rf+oracle@0.20,full,2880,2220,0,660,0,1.0,1.0,1.0,1.0,0.0,0.0,1.0,576
pg2_86m,margin,none,,,0.0,0,0.0,0,0,0,0.0,pg2_86m+oracle@0.00,full,2880,0,2220,660,0,0.2292,0.0,0.0,0.0,0.0,0.0,,0
pg2_86m,margin,oracle,,,0.025,72,0.025,72,0,0,0.0,pg2_86m+oracle@0.03,full,2880,72,2148,660,0,0.2542,0.0324,1.0,0.0628,0.0,0.0,1.0,72
pg2_86m,margin,oracle,,,0.05,144,0.05,144,0,0,0.0,pg2_86m+oracle@0.05,full,2880,144,2076,660,0,0.2792,0.0649,1.0,0.1218,0.0,0.0,1.0,144
pg2_86m,margin,oracle,,,0.1,288,0.1,288,0,0,0.0,pg2_86m+oracle@0.10,full,2880,288,1932,660,0,0.3292,0.1297,1.0,0.2297,0.0,0.0,1.0,288
pg2_86m,margin,oracle,,,0.2,576,0.2,576,0,0,0.0,pg2_86m+oracle@0.20,full,2880,576,1644,660,0,0.4292,0.2595,1.0,0.412,0.0,0.0,1.0,576
